{
  "project_info": {
    "project_number": "493782345536",
    "project_id": "testing-4f453",
    "storage_bucket": "testing-4f453.appspot.com"
  },
  "client": [
    {
      "client_info": {
        "mobilesdk_app_id": "1:493782345536:android:f1d992485bb273eab7bca5",
        "android_client_info": {
          "package_name": "com.example.myapplication"
        }
      },
      "oauth_client": [
        {
          "client_id": "493782345536-4jro8gr3rip2g2nf4gmh3hdssas54tpk.apps.googleusercontent.com",
          "client_type": 3
        }
      ],
      "api_key": [
        {
          "current_key": "AIzaSyBwpWFTrZj_xhahYoHygwoHFHKiIyINz9Y"
        }
      ],
      "services": {
        "appinvite_service": {
          "other_platform_oauth_client": [
            {
              "client_id": "493782345536-4jro8gr3rip2g2nf4gmh3hdssas54tpk.apps.googleusercontent.com",
              "client_type": 3
            }
          ]
        }
      }
    }
  ],
  "configuration_version": "1"
}